/*
SQLyog Ultimate v12.09 (64 bit)
MySQL - 5.7.17-log : Database - easybuy
*********************************************************************
*/

/*!40101 SET NAMES utf8 */;

/*!40101 SET SQL_MODE=''*/;

/*!40014 SET @OLD_UNIQUE_CHECKS=@@UNIQUE_CHECKS, UNIQUE_CHECKS=0 */;
/*!40014 SET @OLD_FOREIGN_KEY_CHECKS=@@FOREIGN_KEY_CHECKS, FOREIGN_KEY_CHECKS=0 */;
/*!40101 SET @OLD_SQL_MODE=@@SQL_MODE, SQL_MODE='NO_AUTO_VALUE_ON_ZERO' */;
/*!40111 SET @OLD_SQL_NOTES=@@SQL_NOTES, SQL_NOTES=0 */;
CREATE DATABASE /*!32312 IF NOT EXISTS*/`easybuy` /*!40100 DEFAULT CHARACTER SET utf8 */;

USE `easybuy`;

/*Table structure for table `easy_buycar` */

DROP TABLE IF EXISTS `easy_buycar`;

CREATE TABLE `easy_buycar` (
  `id` int(11) NOT NULL AUTO_INCREMENT COMMENT '购物车id',
  `userId` int(11) NOT NULL COMMENT '用户id',
  `productId` int(11) NOT NULL COMMENT '商品id',
  `number` int(11) NOT NULL COMMENT '商品数量',
  `sumPrice` double NOT NULL COMMENT '总价格',
  PRIMARY KEY (`id`)
) ENGINE=InnoDB AUTO_INCREMENT=66 DEFAULT CHARSET=utf8;

/*Data for the table `easy_buycar` */

insert  into `easy_buycar`(`id`,`userId`,`productId`,`number`,`sumPrice`) values (64,2,782,1,300),(65,2,836,1,600);

/*Table structure for table `easybuy_news` */

DROP TABLE IF EXISTS `easybuy_news`;

CREATE TABLE `easybuy_news` (
  `id` int(10) NOT NULL AUTO_INCREMENT COMMENT '主键',
  `title` varchar(40) NOT NULL COMMENT '标题',
  `content` varchar(1000) NOT NULL COMMENT '内容',
  `createTime` timestamp NOT NULL DEFAULT CURRENT_TIMESTAMP COMMENT '创建时间',
  PRIMARY KEY (`id`),
  UNIQUE KEY `PK__EASYBUY___C63B5EE724927208` (`id`),
  UNIQUE KEY `UQ__EASYBUY___C12AD09D276EDEB3` (`title`)
) ENGINE=InnoDB AUTO_INCREMENT=704 DEFAULT CHARSET=utf8;

/*Data for the table `easybuy_news` */

insert  into `easybuy_news`(`id`,`title`,`content`,`createTime`) values (531,'会员特惠月开始了','会员特惠月开始了,亲们赶快下单啊,不到剁手誓不罢休啊,不到离婚誓不清空购物车啊。更多优惠，尽在易买网。','2018-12-22 00:00:00'),(597,'迎双旦促销大酬宾','迎双旦促销大酬宾','2010-12-24 00:00:00'),(649,'加入会员，赢千万大礼包','加入会员，赢千万大礼包','2010-12-22 00:00:00'),(650,'新年不夜天，通宵也是开张了','新年不夜天，通宵也是开张了','2011-05-22 00:00:00'),(651,'积分兑换开始了','积分兑换开始了','2010-12-22 00:00:00'),(653,'团购阿迪1折起','团购阿迪1折起','2017-12-22 00:00:00'),(664,'最新酷睿笔记本','IBME系列全场促销中，最新酷睿双核处理器，保证CPU更高效的运转。','2013-08-05 00:00:00'),(675,'aa','012345678901234567890123456789012345678901234567890123456789012345678901234567890123456789012345678901234567890123456789012345678901234567890123456789012345678901234567890123456789012345678901234567890123456789012345678901234567890123456789012345678901234567890123456789012345678901234567890123456789012345678901234567890123456789012345678901234567890123456789012345678901234567890123456789012345678901234567890123456789012345678901234567890123456789012345678901234567890123456789012345678901234567890123456789012345678901234567890123456789012345678901234567890123456789012345678901234567890123456789','2013-08-14 00:00:00'),(676,'ResultR','全场5折特惠（特价除外）','2016-03-28 00:00:00'),(677,'会员特惠月开始了1','会员特惠月开始了','2016-12-22 00:00:00'),(678,'迎双旦促销大酬宾2','迎双旦促销大酬宾','2010-12-24 00:00:00'),(679,'加入会员，赢千万大礼包3','加入会员，赢千万大礼包','2016-12-22 00:00:00'),(680,'新年不夜天，通宵也是开张了4','新年不夜天，通宵也是开张了','2017-05-22 00:00:00'),(681,'积分兑换开始了5','积分兑换开始了','2010-12-22 00:00:00'),(682,'团购阿迪1折起6','团购阿迪1折起','2010-12-22 00:00:00'),(683,'最新酷睿笔记本7','IBME系列全场促销中，最新酷睿双核处理器，保证CPU更高效的运转。','2013-08-05 00:00:00'),(684,'aa8','012345678901234567890123456789012345678901234567890123456789012345678901234567890123456789012345678901234567890123456789012345678901234567890123456789012345678901234567890123456789012345678901234567890123456789012345678901234567890123456789012345678901234567890123456789012345678901234567890123456789012345678901234567890123456789012345678901234567890123456789012345678901234567890123456789012345678901234567890123456789012345678901234567890123456789012345678901234567890123456789012345678901234567890123456789012345678901234567890123456789012345678901234567890123456789012345678901234567890123456789','2013-08-14 00:00:00'),(685,'ResultR9','ResultResultResultResultResu','2016-03-28 00:00:00'),(686,'会员特惠月开始了11','会员特惠月开始了','2010-12-22 00:00:00'),(687,'迎双旦促销大酬宾21','迎双旦促销大酬宾','2010-12-24 00:00:00'),(688,'加入会员，赢千万大礼包31','加入会员，赢千万大礼包','2010-12-22 00:00:00'),(689,'新年不夜天，通宵也是开张了41','新年不夜天，通宵也是开张了','2011-05-22 00:00:00'),(690,'积分兑换开始了51','积分兑换开始了','2010-12-22 00:00:00'),(691,'团购阿迪1折起61','团购阿迪1折起','2010-12-22 00:00:00'),(692,'最新酷睿笔记本71','IBME系列全场促销中，最新酷睿双核处理器，保证CPU更高效的运转。','2013-08-05 00:00:00'),(693,'aa81','012345678901234567890123456789012345678901234567890123456789012345678901234567890123456789012345678901234567890123456789012345678901234567890123456789012345678901234567890123456789012345678901234567890123456789012345678901234567890123456789012345678901234567890123456789012345678901234567890123456789012345678901234567890123456789012345678901234567890123456789012345678901234567890123456789012345678901234567890123456789012345678901234567890123456789012345678901234567890123456789012345678901234567890123456789012345678901234567890123456789012345678901234567890123456789012345678901234567890123456789','2013-08-14 00:00:00'),(694,'ResultR91','ResultResultResultResultResu','2016-03-28 00:00:00'),(695,'会员特惠月开始了111','会员特惠月开始了','2010-12-22 00:00:00'),(696,'迎双旦促销大酬宾211','迎双旦促销大酬宾','2010-12-24 00:00:00'),(697,'加入会员，赢千万大礼包311','加入会员，赢千万大礼包','2010-12-22 00:00:00'),(698,'新年不夜天，通宵也是开张了411','新年不夜天，通宵也是开张了','2011-05-22 00:00:00'),(699,'积分兑换开始了511','积分兑换开始了','2010-12-22 00:00:00'),(700,'团购阿迪1折起611','团购阿迪1折起','2010-12-22 00:00:00'),(701,'最新酷睿笔记本711','IBME系列全场促销中，最新酷睿双核处理器，保证CPU更高效的运转。','2013-08-05 00:00:00'),(702,'aa811','012345678901234567890123456789012345678901234567890123456789012345678901234567890123456789012345678901234567890123456789012345678901234567890123456789012345678901234567890123456789012345678901234567890123456789012345678901234567890123456789012345678901234567890123456789012345678901234567890123456789012345678901234567890123456789012345678901234567890123456789012345678901234567890123456789012345678901234567890123456789012345678901234567890123456789012345678901234567890123456789012345678901234567890123456789012345678901234567890123456789012345678901234567890123456789012345678901234567890123456789','2013-08-14 00:00:00'),(703,'ResultR911','ResultResultResultResultResu','2016-03-28 00:00:00');

/*Table structure for table `easybuy_order` */

DROP TABLE IF EXISTS `easybuy_order`;

CREATE TABLE `easybuy_order` (
  `id` int(11) NOT NULL AUTO_INCREMENT COMMENT '主键',
  `userId` int(255) DEFAULT NULL COMMENT '用户主键',
  `loginName` varchar(255) DEFAULT NULL,
  `userAddress` varchar(255) DEFAULT NULL COMMENT '用户地址',
  `createTime` datetime DEFAULT NULL COMMENT '创建时间',
  `cost` float DEFAULT NULL COMMENT '总消费',
  `serialNumber` varchar(255) DEFAULT NULL COMMENT '订单号',
  PRIMARY KEY (`id`)
) ENGINE=InnoDB AUTO_INCREMENT=19 DEFAULT CHARSET=utf8;

/*Data for the table `easybuy_order` */

insert  into `easybuy_order`(`id`,`userId`,`loginName`,`userAddress`,`createTime`,`cost`,`serialNumber`) values (1,18,'shangzezhong','北京市花园路小区','2016-06-02 14:51:46',1721,'60B7487F47F9434EAA5FD1D9E22CB06C'),(2,18,'shangzezhong','北京市海淀区成府路','2016-06-02 14:52:49',8596,'8EF5E1557D55413781658A65FC301B8A'),(3,2,'admin','北京市海淀区大有庄','2016-06-03 11:41:09',456,'51718726C1274CC59504AB4E6FD64BA0'),(4,2,'admin','北京市海淀区大有庄','2018-03-06 15:19:08',304,'2018867624418'),(5,2,'admin','北京市海淀区大有庄','2018-03-06 15:41:01',152,'2018389311821'),(6,2,'admin','北京市海淀区大有庄','2018-03-08 15:20:01',608,'2018387821958'),(7,2,'admin','北京市海淀区大有庄','2018-03-11 09:06:45',608,'2018888194875'),(8,2,'admin','北京市海淀区大有庄','2018-03-11 09:11:28',456,'2018609394091'),(9,2,'admin','北京市海淀区大有庄','2018-03-11 09:56:12',304,'2018460422028'),(10,2,'admin','北京市海淀区大有庄','2018-03-23 10:22:23',1520,'2018394469878'),(13,2,'admin','13212312312','2018-10-16 19:46:19',99.5,'20181016194619907'),(14,2,'admin','13512312312','2018-10-16 19:47:08',49.75,'20181016194708016'),(15,2,'admin','13512312312','2018-10-18 14:02:24',99.5,'20181018140224759'),(16,2,'admin','13512312312','2018-10-24 19:54:36',99.5,'20181024195436857'),(17,2,'admin','13512312312','2018-10-25 10:16:11',29.85,'20181025101611160'),(18,2,'admin','13512312312','2018-10-28 21:14:59',99.5,'20181028211459458');

/*Table structure for table `easybuy_order_detail` */

DROP TABLE IF EXISTS `easybuy_order_detail`;

CREATE TABLE `easybuy_order_detail` (
  `id` int(10) NOT NULL AUTO_INCREMENT COMMENT '主键',
  `orderId` int(10) NOT NULL COMMENT '订单主键',
  `productId` int(10) NOT NULL COMMENT '商品主键',
  `quantity` int(10) NOT NULL COMMENT '数量',
  `cost` float NOT NULL COMMENT '消费',
  PRIMARY KEY (`id`),
  UNIQUE KEY `PK__EASYBUY___66E1BD8E2F10007B` (`id`)
) ENGINE=InnoDB AUTO_INCREMENT=28 DEFAULT CHARSET=utf8;

/*Data for the table `easybuy_order_detail` */

insert  into `easybuy_order_detail`(`id`,`orderId`,`productId`,`quantity`,`cost`) values (1,1,733,5,760),(2,1,734,4,608),(3,1,735,1,152),(4,1,738,1,45),(5,1,739,1,156),(6,2,755,1,8596),(7,3,733,1,152),(8,3,734,1,152),(9,3,735,1,152),(10,4,734,2,304),(11,5,734,1,152),(12,6,734,4,608),(13,7,734,4,608),(14,8,734,3,456),(15,9,735,2,304),(16,10,733,4,608),(17,10,734,5,760),(18,10,735,1,152),(22,13,771,10,99.5),(23,14,771,5,49.75),(24,15,771,10,99.5),(25,16,771,10,99.5),(26,17,771,3,29.85),(27,18,771,10,99.5);

/*Table structure for table `easybuy_product` */

DROP TABLE IF EXISTS `easybuy_product`;

CREATE TABLE `easybuy_product` (
  `id` int(10) NOT NULL AUTO_INCREMENT COMMENT '主键',
  `name` varchar(20) NOT NULL COMMENT '名称',
  `description` varchar(1024) DEFAULT NULL COMMENT '描述',
  `price` float NOT NULL COMMENT '价格',
  `stock` int(10) NOT NULL COMMENT '库存',
  `categoryLevel1Id` int(10) DEFAULT NULL COMMENT '分类1',
  `categoryLevel2Id` int(10) DEFAULT NULL COMMENT '分类2',
  `categoryLevel3Id` int(10) DEFAULT NULL COMMENT '分类3',
  `fileName` varchar(200) DEFAULT NULL COMMENT '文件名称',
  `isDelete` int(1) DEFAULT '0' COMMENT '是否删除(1：删除 0：未删除)',
  PRIMARY KEY (`id`),
  UNIQUE KEY `PK__EASYBUY___94F6E55132E0915F` (`id`)
) ENGINE=InnoDB AUTO_INCREMENT=841 DEFAULT CHARSET=utf8;

/*Data for the table `easybuy_product` */

insert  into `easybuy_product`(`id`,`name`,`description`,`price`,`stock`,`categoryLevel1Id`,`categoryLevel2Id`,`categoryLevel3Id`,`fileName`,`isDelete`) values (733,'香奈儿','香奈儿',152,94,548,654,702,'c_1.jpg',0),(734,'洗面奶','',152,995,548,654,703,'tj_1.jpg',NULL),(735,'啫喱水','',152,998,548,654,704,'p_big.jpg',0),(736,'香水5852','',152,1000,548,654,655,'his_5.jpg',NULL),(737,'香水','',152,111,548,654,705,'per_3.jpg',0),(738,'润肤露','',45,109,548,654,655,'hot4.jpg',0),(739,'洁面装','',156,99,548,654,706,'make_4.jpg',0),(740,'电饭锅','',158,100,628,656,659,'n_img1.jpg',0),(741,'婴儿喂奶装','',569,100,632,637,653,'nban.jpg',0),(742,'益达套餐','',158,1000,660,661,662,'food_b2.jpg',0),(743,'巧克力','',589,1000,660,661,663,'food_b1.jpg',0),(744,'奇酷2566','',589,1000,670,671,672,'tel_b2.jpg',0),(745,'oppor9','',589,100,670,671,672,'tel_5.jpg',0),(746,'小米手环','',963,100,670,674,675,'tel_6.jpg',NULL),(747,'苹果6','',896,1000,670,671,673,'t1.jpg',0),(748,'进口橄榄油','',520,1000,660,661,662,'hot4.jpg',0),(749,'日本进口马桶','',5866,100,628,657,0,'home_b1.jpg',0),(750,'惠普y','',569,1000,670,690,701,'t3.jpg',0),(751,'儿童玩具','',589,1000,676,677,680,'baby_3.jpg',0),(752,'中秋巧克力','',589,1000,676,678,0,'fre_b1.jpg',0),(753,'橙子','',859,100,676,679,0,'fre_2.jpg',0),(754,'湿巾','',5896,100,676,679,0,'pa_2.jpg',0),(755,'软沙发','',8596,99,628,696,0,'home_1.jpg',0),(756,'收纳盒','',5966,100,628,696,0,'home_2.jpg',0),(757,'洗衣液','',58,1000,628,696,0,'home_b2.jpg',0),(758,'红短沙发','',596,123,628,696,0,'home_r.jpg',0),(759,'新西兰奶粉','',5896,100,676,679,0,'bk_3.jpg',0),(760,'婴儿车','',11000,100,681,682,687,'baby_1.jpg',0),(761,'夏款婴儿车','',963,100,681,682,688,'baby_5.jpg',0),(762,'抗压旅行箱','',569,1000,681,683,685,'t2.jpg',0),(763,'4k电视屏幕','',8596,1000,681,683,684,'tel_3.jpg',0),(764,'婴儿果粉','',5896,1000,660,661,662,'ca_3.jpg',0),(765,'福临门大米','',5963,1000,660,661,662,'tm_b1.jpg',0),(766,'情侣杯','',200,100,660,661,663,'home_6.jpg',0),(767,'儿童牛奶','',5896,1000,681,682,688,'hot1.jpg',0),(768,'购物篮','',5896,100,681,682,687,'home_3.jpg',0),(769,'dior香水','',152,1000,676,679,707,'tj_3.jpg',0),(770,'惠普NTC','',8596,100,670,690,700,'tel_2.jpg',0),(771,'话费充值','充值话费10元',10,1000,NULL,NULL,NULL,'ten.png',0),(778,'允儿','2',12,121,548,654,655,'home_b2.jpg',NULL),(779,'华为手机',NULL,2000,100,670,671,673,'huw.jpg',0),(780,'黑莓',NULL,5000,19,670,671,673,'hm.jpg',0),(781,'锤子',NULL,4500,50,670,671,673,'timg.jpg',0),(782,'迪奥旧款',NULL,300,1000,548,654,655,'cdjiuban.jpg',0),(783,'迪奥新款',NULL,980,1000,548,654,655,'cd1hao.jpg',0),(784,'迪奥四件套','',1990,200,548,654,655,'cdsijiant.jpg',NULL),(785,'香奈儿口红新版',NULL,1500,200,548,654,655,'xiangnaier.jpg',0),(786,'香奈儿5号',NULL,1300,200,548,654,655,'xiangnai.jpg',0),(787,'中国菜刀',NULL,320,1000,628,656,699,'cai.jpg',0),(788,'厨房四家套',NULL,600,600,628,656,699,'chufsijiant.jpg',0),(789,'日本菜刀',NULL,300,1000,628,656,699,'rbcaidao.jpeg',0),(790,'日本刀具套装',NULL,900,1000,628,656,699,'rbdaojutaozhuang.jpg',0),(791,'三门冰箱',NULL,2000,1000,628,656,699,'sankaibingx.png',0),(792,'对开冰箱',NULL,7500,1000,628,656,699,'duikai.jpeg',0),(793,'智能冰箱',NULL,9000,1000,628,656,699,'znbx.jpg',0),(794,'四门冰箱 ',NULL,1200,1000,628,656,699,'simenbx.png',0),(795,'普通冰箱',NULL,1500,1000,628,656,699,'ptbx.jpg',0),(796,'进口红酒',NULL,5000,100,660,661,728,'hjjk.jpg',0),(797,'日本零食',NULL,12,1000,660,661,727,'rlls.jpg',0),(798,'进口水果',NULL,53,1000,660,661,726,'jinksg.jpg',0),(799,'法国干红',NULL,9998,120,660,661,725,'fggh.jpg',0),(800,'进口柠檬',NULL,55,100000,660,661,724,'ningmen.jpg',0),(801,'日本平鱼',NULL,80,1200,660,661,723,'rbpingyu.jpg',0),(802,'韩国鸡翅',NULL,40,1000,660,661,722,'jichi.jpg',0),(803,'泰国火龙果',NULL,60,1000,660,661,721,'taiguohlg.jpg',0),(804,'台湾虾',NULL,80,1000,660,661,720,'taiw.jpg',0),(805,'进口香蕉片',NULL,120,1000,660,661,718,'xjp.jpeg',0),(806,'美国龙虾',NULL,130,1000,660,661,717,'jklx.jpg',0),(807,'美国巧克力',NULL,130,1000,660,661,719,'qkl.jpg',0),(808,'维生素c',NULL,999,1000,660,661,663,'wec.jpg',0),(809,'进口的零食',NULL,222,11,660,661,716,'lsjkk.jpg',0),(810,'美国电脑ibm',NULL,12000,2222,670,690,699,'mgibm.jpg',0),(811,'联想y系列',NULL,6000,9999,670,671,672,'lxtx.jpg',0),(812,'联想商务本',NULL,9000,5000,670,671,672,'lxswb.jpg',0),(813,'苹果台式机',NULL,12000,2000,670,671,672,'pgdnts.jpg',0),(814,'电子琴',NULL,24000,2000,670,671,672,'dzqin.jpg',0),(815,'微软电脑',NULL,12000,2000,670,690,698,'weir.jpg',0),(816,'手雷电子烟',NULL,6000,1000,670,671,672,'shoilei.jpg',0),(817,'紫檀电子烟',NULL,112000,100,670,671,672,'shechiyan.jpg',0),(818,'烟斗',NULL,1200,10000,670,671,672,'dzyy2.jpg',0),(819,'紫色电子烟',NULL,1230,1000,670,671,672,'ziyan12.jpg',0),(820,'女士电子烟',NULL,2500,1000,670,671,672,'nvsdzy.jpg',0),(821,'大众电子烟',NULL,450,9000,670,671,672,'dzy5y.jpg',0),(822,'蜂胶软胶囊',NULL,199,2222,676,677,708,'fjrjnn.jpg',0),(823,'成人发育咀嚼片',NULL,160,522,676,677,709,'crfyjjp.jpg',0),(824,'健胃消食片',NULL,20,2220,676,677,710,'jwxsp.jpeg',0),(825,'蜂胶胶囊',NULL,200,2220,676,678,711,'fjjnn.jpg',0),(826,'维生素套餐',NULL,500,2000,676,678,712,'ccjn.jpg',0),(827,'b族维生素',NULL,100,2000,676,679,713,'bzuws.jpg',0),(828,'双味双耳片',NULL,120,2000,676,679,714,'swsep.jpg',0),(829,'健肝消食片',NULL,15,2000,676,679,715,'jgljn.jpg',0),(830,'国旗手提箱',NULL,200,2000,681,682,687,'gqixzz.jpg',0),(831,'商务手提箱',NULL,1200,1200,681,682,687,'shant.jpg',0),(832,'美元背景手提箱',NULL,1000,1000,681,682,687,'st.jpg',0),(833,'玻璃手提箱',NULL,800,1000,681,682,687,'bolistx.jpg',0),(834,'皮革手提箱',NULL,900,1000,681,682,687,'pgstx.jpg',0),(835,'手提箱套餐',NULL,1800,1000,681,682,687,'xz.jpg',0),(836,'学生手提箱',NULL,600,2000,681,682,687,'xsstx.jpg',0),(837,'旅行箱','',220,100,681,654,687,'箱包类目.png',NULL),(838,'美肌瓶','',100,10,548,654,655,'美肌瓶.jpg',NULL),(839,'青春手机','',1000,12,670,671,672,'青春手机.jpg',NULL),(840,'青春电脑','',1000,12,670,690,672,'青春电脑.jpg',NULL);

/*Table structure for table `easybuy_product_category` */

DROP TABLE IF EXISTS `easybuy_product_category`;

CREATE TABLE `easybuy_product_category` (
  `id` int(10) NOT NULL AUTO_INCREMENT COMMENT '主键',
  `name` varchar(20) NOT NULL COMMENT '名称',
  `parentId` int(10) NOT NULL COMMENT '父级目录id',
  `type` int(11) DEFAULT NULL COMMENT '级别(1:一级 2：二级 3：三级)',
  `iconClass` varchar(255) DEFAULT NULL COMMENT '图标',
  PRIMARY KEY (`id`),
  UNIQUE KEY `PK__EASYBUY___9EC2A4E236B12243` (`id`)
) ENGINE=InnoDB AUTO_INCREMENT=733 DEFAULT CHARSET=utf8;

/*Data for the table `easybuy_product_category` */

insert  into `easybuy_product_category`(`id`,`name`,`parentId`,`type`,`iconClass`) values (548,'化妆品',0,1,'nav5.png'),(628,'家用商品',0,1,'nav4.png'),(654,'面部护理',548,2,'nav5.png'),(655,'少女派',654,3,'少女.png'),(656,'餐具',628,2,'餐具.png'),(657,'卫具',0,2,'20160221124042_dPzSj.gif'),(658,'叉子',656,3,'叉子 勺子-01.png'),(659,'锅',656,3,'锅.png'),(660,'进口食品,生鲜',0,1,'nav2.png'),(661,'零食/糖果/巧克力',660,2,'巧克力.png'),(662,'坚果',661,3,'坚果.png'),(663,'蜜饯',661,3,'密栈.png'),(669,'孕期教育',546,3,'孕期.png'),(670,'电子商品',0,1,'nav9.png'),(671,'手机',0,2,'手机.png'),(672,'华为手机',671,3,'华为手机 (2).png'),(673,'联想手机',671,3,'联想手机 .png'),(674,'手环',670,2,'手环_2.png'),(675,'小米手环',674,3,'智能手环.png'),(676,'保健食品',0,1,'nav2.png'),(677,'老年保健品',676,2,'老年保健品 (1).png'),(678,'中年营养品',676,2,'中年营养品.png'),(679,'儿童保健品',676,2,'儿童保健品.png'),(680,'脑白金',677,3,'naobaijin.png'),(681,'箱包',0,1,'nav10.png'),(682,'旅行箱',681,2,'外出箱包.png'),(683,'手提箱',681,2,'手提箱.png'),(684,'手提箱大型',683,3,'手提箱大.png'),(685,'手提箱小型',683,3,'箱包小.png'),(686,'手提箱中型',683,3,'手提箱 (中).png'),(687,'旅行箱大型',682,3,'箱(大).png'),(688,'旅行箱中型',682,3,'箱包 (中).png'),(689,'旅行箱小型',682,3,'箱包 (小).png'),(690,'电脑',670,2,'电脑.png'),(691,'联想电脑',0,3,'联想电脑.png'),(692,'刀叉',656,3,'刀叉.png'),(693,'碗筷',656,3,'碗筷.png'),(696,'客厅专用',0,2,'20160801113723_CFaUE.gif'),(698,'微软电脑',690,3,'weir.jpg'),(699,'美国电脑',690,3,'mgibm.jpg'),(700,'惠普NTC',690,3,'tel_2.jpg'),(701,'惠普y',690,3,'t3.jpg'),(702,'香奈儿',654,3,'c_1.jpg'),(703,'洗面奶',654,3,'tj_1.jpg'),(704,'咖喱水',654,3,'p_big.jpg'),(705,'香水',654,3,'per_3.jpg'),(706,'洁面装',654,3,'make_1.jpg'),(707,'dior香水',654,3,'tj_3.jpg'),(708,'蜂胶软胶囊',677,3,'fjrjnn.jpg'),(709,'成人发育咀嚼片',677,3,'crfyjjp.jpg'),(710,'健胃消食片',677,3,'jwxsp.jpeg'),(711,'蜂胶胶囊',678,3,'fjjnn.jpg'),(712,'维生素套餐',678,3,'ccjn.jpg'),(713,'族维生素',679,3,'bzuws.jpgb'),(714,'双味双耳片',679,3,'swsep.jpg'),(715,'健肝消食片',679,3,'jgljn.jpg'),(716,'进口的零食',661,3,'lsjkk.jpg'),(717,'美国龙虾',661,3,'jklx.jpg'),(718,'进口香蕉片',661,3,'xjp.jpeg'),(719,'美国巧克力',661,3,'qkl.jpg'),(720,'台湾虾',661,3,'taiw.jpg'),(721,'泰国火龙果',661,3,'taiguohlg.jpg'),(722,'韩国鸡翅',661,3,'jichi.jpg'),(723,'日本平鱼',661,3,'rbpingyu.jpg'),(724,'进口柠檬',661,3,'ningmen.jpg'),(725,'法国干红',661,3,'fggh.jpg'),(726,'进口水果',661,3,'jinksg.jpg'),(727,'日本零食',661,3,'rlls.jpg'),(728,'进口红酒',661,3,'hjjk.jpg'),(729,'华为手环',674,3,'huaw.jpg'),(730,'智能手环',674,3,'zhin.jpg'),(731,'儿童手环',674,3,'ert.jpg'),(732,'时尚手环',674,3,'shuangwu.jpg');

/*Table structure for table `easybuy_user` */

DROP TABLE IF EXISTS `easybuy_user`;

CREATE TABLE `easybuy_user` (
  `id` int(20) NOT NULL AUTO_INCREMENT COMMENT '主键',
  `loginName` varchar(255) NOT NULL COMMENT '登录名',
  `userName` varchar(255) NOT NULL COMMENT '用户名',
  `password` varchar(255) NOT NULL COMMENT '密码',
  `sex` int(2) NOT NULL DEFAULT '1' COMMENT '性别(1:男 0：女)',
  `identityCode` varchar(60) DEFAULT NULL COMMENT '身份证号',
  `email` varchar(80) DEFAULT NULL COMMENT '邮箱',
  `mobile` varchar(11) DEFAULT NULL COMMENT '手机',
  `type` int(2) DEFAULT '0' COMMENT '类型（1：后台 0:前台）',
  PRIMARY KEY (`id`),
  UNIQUE KEY `PK__EASYBUY___C96109CC3A81B327` (`loginName`)
) ENGINE=InnoDB AUTO_INCREMENT=26 DEFAULT CHARSET=utf8;

/*Data for the table `easybuy_user` */

insert  into `easybuy_user`(`id`,`loginName`,`userName`,`password`,`sex`,`identityCode`,`email`,`mobile`,`type`) values (1,'hehe','hehe','hehehe11',0,'123451234512345123','1505114735@qq.com','15831859551',0),(2,'admin','系统管理员','admin',1,'130406198302141869','hello11@bdn.com','13512312312',1),(10,'cgn','程广宁','cgn',1,'140225189987854589','1044732267@qq.com','13366055011',0),(11,'hyl','韩语良','e10adc3949ba59abbe56e057f20f883e',1,'140225198874584539','1044732267@qq.com','13366055010',0),(12,'ck','陈康','e10adc3949ba59abbe56e057f20f883e',1,'140225189987854589','1044732267@qq.com','13366055010',0),(13,'kys','康有沈','e10adc3949ba59abbe56e057f20f883e',1,'1402251985512541525','1044732267@qq.com','13366055010',0),(14,'sb','沈白','e10adc3949ba59abbe56e057f20f883e',1,'140225158987854589','1044732267@qq.com','13366055010',0),(15,'lb','李白','e10adc3949ba59abbe56e057f20f883e',1,'140225189987854589','10447322658@qq.com','1336998554',0),(16,'lgw','李高伟','e10adc3949ba59abbe56e057f20f883e',1,'140225189987854589','1011322658@qq.com','1336998554',0),(18,'shangzezhong','尚泽忠','4297f44b13955235245b2497399d7a93',1,'140225198810013745','1044888844@qq.com','13366528458',0),(19,'liguangliang','李光亮','25f9e794323b453885f5181f1b624d0b',1,'140225198841547785','1047777@qq.com','13366055048',0),(20,'szz','李光亮','e10adc3949ba59abbe56e057f20f883e',1,'140225198810013748','1044732267@qq.com','13366555010',1),(21,'aaa','aa','aaa',1,'123456456456987412','dsada@sd.com','15123654789',0),(22,'11111','aaaa','111',1,'123456456456987412','weqwe@ds.com','15123654789',0),(23,'you','777','444',1,'411521199311084651','11@1.cn','18210520793',0),(24,'sdd','ssad','aaaa',1,'130727199805080852','dsada@sd.com','15115151512',0),(25,'add','ssss','sss',1,'123456456456987412','dsada@sd.com','15126985236',0);

/*Table structure for table `easybuy_user_address` */

DROP TABLE IF EXISTS `easybuy_user_address`;

CREATE TABLE `easybuy_user_address` (
  `id` int(20) NOT NULL AUTO_INCREMENT COMMENT '主键id',
  `userId` int(255) DEFAULT NULL COMMENT '用户主键',
  `address` varchar(255) DEFAULT NULL COMMENT '地址',
  `createTime` datetime DEFAULT NULL COMMENT '创建时间',
  `isDefault` int(2) DEFAULT '0' COMMENT '是否是默认地址（1:是 0否）',
  `remark` varchar(255) DEFAULT NULL COMMENT '备注',
  PRIMARY KEY (`id`)
) ENGINE=InnoDB AUTO_INCREMENT=16 DEFAULT CHARSET=utf8;

/*Data for the table `easybuy_user_address` */

insert  into `easybuy_user_address`(`id`,`userId`,`address`,`createTime`,`isDefault`,`remark`) values (11,2,'北京市海淀区大有庄',NULL,0,'朋友家'),(12,2,'北京市海淀区大有庄',NULL,0,'女朋友公司'),(13,9,'北京市西直门大桥芬兰国际大厦',NULL,0,'女朋友地址'),(14,18,'北京市花园路小区',NULL,0,'家里'),(15,18,'北京市海淀区成府路',NULL,0,'公司');

/*Table structure for table `result` */

DROP TABLE IF EXISTS `result`;

CREATE TABLE `result` (
  `stuno` char(10) DEFAULT NULL,
  `subjectName` char(10) DEFAULT NULL,
  `score` int(10) DEFAULT NULL,
  `age` int(10) DEFAULT NULL
) ENGINE=InnoDB DEFAULT CHARSET=utf8;

/*Data for the table `result` */

insert  into `result`(`stuno`,`subjectName`,`score`,`age`) values ('1','java',80,11),('1','c',78,12),('2','c',60,13),('3','java',75,14),('2','java',75,15),('4','java',90,16);

/*!40101 SET SQL_MODE=@OLD_SQL_MODE */;
/*!40014 SET FOREIGN_KEY_CHECKS=@OLD_FOREIGN_KEY_CHECKS */;
/*!40014 SET UNIQUE_CHECKS=@OLD_UNIQUE_CHECKS */;
/*!40111 SET SQL_NOTES=@OLD_SQL_NOTES */;
