<?xml version="1.0" encoding="UTF-8"?>
<!-- 文档声明 -->
<!DOCTYPE mapper
PUBLIC "-//mybatis.org//DTD Mapper 3.0//EN"
"http://mybatis.org/dtd/mybatis-3-mapper.dtd">
<!-- 根节点  -->
<!-- namespace区别于别的mapper，达到全局唯一 -->
<mapper namespace="cn.easybuy.dao.product.ProductMapper">

	<!-- 查询所有商品个数 -->
	<select id="getProductListCount" resultType="Integer">
		SELECT count(1) FROM `easybuy_product`
	</select>


	<!-- 查询全部商品信息 -->
	<select id="selectProductList" resultType="Product">
		SELECT * FROM `easybuy_product`limit #{pageNum},#{count}
	</select>
	
	
	
	<!-- 根据商品id查询商品信息 -->
	<select id="selectProductById" resultType="Product">
		SELECT * FROM `easybuy_product` where id=#{id}
	</select>
	
	
	
	<!-- 根据商品名称查询商品名称是否存在-->
	<select id="selectProductNameIsHave" resultType="int">
		SELECT count(1) FROM `easybuy_product` where name=#{name}
	</select>
	
	
	
	<!-- 增加商品信息-->
    <insert id="addProduct" parameterType="Product">
		INSERT INTO `easybuy_product`(`name`,`description`,`price`,`stock`,`categoryLevel1Id`,`categoryLevel2Id`,`categoryLevel3Id`,`fileName`,`isDelete`)
		VALUES(#{name},#{description},#{price},#{stock},#{categoryLevel1Id},#{categoryLevel2Id},#{categoryLevel3Id},#{fileName},#{isDelete})
	</insert> 
	
	
	
	
	<!-- 修改商品信息-->
	<update id="updateProduct" parameterType="Product">
		UPDATE `easybuy_product` SET `name`=#{name},`description`=#{description},`price`=#{price},`stock`=#{stock},`categoryLevel1Id`=#{categoryLevel1Id},`categoryLevel2Id`=#{categoryLevel2Id},`categoryLevel3Id`=#{categoryLevel3Id},`fileName`=#{fileName},`isDelete`=#{isDelete} where `id`=#{id}
	</update>
	
	
	
	
	<!-- 删除商品信息-->
	<update id="deleteProduct">
		DELETE FROM  `easybuy_product` WHERE `id`=#{id}
	</update>	
	
	
	
	
	<!-- 是否存在某张商品图片-->
	<select id="isHaveProductImg" resultType="int">
		SELECT COUNT(1) FROM `easybuy_product` WHERE `fileName`=#{fileName}
	</select>
	
	
	
	
		
	<!-- 根据商品名称模糊查询商品名称 -->
	<select id="selectProductNameByProductName" resultType="String">
		SELECT `name` FROM `easybuy_product` WHERE `name` LIKE CONCAT('%',#{name},'%')
	</select>
	
	
	
	
	<!-- 根据商品名称模糊查询商品名称 -->
	<select id="selectProductListByProductName" resultType="Product">
		SELECT * FROM `easybuy_product` WHERE `name` LIKE CONCAT('%',#{name},'%')
	</select>
	
	
	
	<!-- 查询倒数三条商品信息 -->
	<select id="selectProductListLimit3" resultType="Product">
		SELECT * FROM `easybuy_product` ORDER BY `id` DESC LIMIT 0,3
	</select>
	
	
	
	
	<!-- 根据一级分类查询十二条商品信息 -->
	<select id="selectProductListByCategory1Limit12" resultType="Product">
		SELECT * FROM `easybuy_product` WHERE `categoryLevel1Id`=#{categoryLevel1Id} order by `id` desc limit 0,12
	</select>
	
	
	
	<!-- 根据一级分类查询所有商品信息 -->
	<select id="selectProductListByCategory1" resultType="Product">
		SELECT * FROM `easybuy_product` WHERE `categoryLevel1Id`=#{categoryLevel1Id} order by `id` desc
	</select>
	
	
	
	
	<!-- 根据二级分类查询所有商品信息 -->
	<select id="selectProductListByCategory2" resultType="Product">
		SELECT * FROM `easybuy_product` WHERE `categoryLevel2Id`=#{categoryLevel2Id} order by `id` desc
	</select>
	
	
	
	
	<!-- 根据三级分类查询所有商品信息 -->
	<select id="selectProductListByCategory3" resultType="Product">
		SELECT * FROM `easybuy_product` WHERE `categoryLevel3Id`=#{categoryLevel3Id} order by `id` desc
	</select>
	
	
	
</mapper>