<?xml version="1.0" encoding="UTF-8"?>

<!-- 文档声明 -->
<!DOCTYPE configuration
PUBLIC "-//mybatis.org//DTD Config 3.0//EN"
"http://mybatis.org/dtd/mybatis-3-config.dtd">

<!-- 根节点 -->
<configuration>
	<!-- 引入database.properties属性文件引入 -->
	<properties resource="database.properties">

	</properties>


	<!-- 运行行为 -->
	<settings>
		<!-- log日志的实现 -->
		<setting name="logImpl" value="LOG4J" />
		<!-- 开启resultMap自动映射 -->
		<setting name="autoMappingBehavior" value="FULL" />
	</settings>

	<!-- 为java类型命名一个别名(简称) -->
	<typeAliases>
		<!-- 为一个java类命名别名 -->
		<!-- <typeAlias alias="user" type="cn.smbms.pojo.User"/> -->
		<!-- 为一个命名空间命名 -->
		<package name="cn.easybuy.pojo" />
	</typeAliases>

	<!-- 运行环境 -->
	<environments default="development">
		<!-- 开发环境 -->
		<environment id="development">
			<!-- 事务处理方式 -->
			<transactionManager type="JDBC"></transactionManager>
			<!-- 配置数据源 -->
			<dataSource type="POOLED">
				<property name="driver" value="${driver}" />
				<property name="url" value="${url}" />
				<property name="username" value="${user}" />
				<property name="password" value="${password}" />
			</dataSource>
		</environment>
		<!-- 测试环境-->
		<environment id="test">
			<!-- 事务处理方式 -->
			<transactionManager type="JDBC"></transactionManager>
			<!-- 配置数据源 -->
			<dataSource type="POOLED">
				<property name="driver" value="${driver}" />
				<property name="url" value="${url}" />
				<property name="username" value="${user}" />
				<property name="password" value="${password}" />
			</dataSource>
		</environment>
		<!-- 生产环境 -->
		<environment id="product">
			<!-- 事务处理方式 -->
			<transactionManager type="JDBC"></transactionManager>
			<!-- 配置数据源 -->
			<dataSource type="POOLED">
				<property name="driver" value="${driver}" />
				<property name="url" value="${url}" />
				<property name="username" value="${user}" />
				<property name="password" value="${password}" />
			</dataSource>
		</environment>
	</environments>


	<!--将mapper映射文件加入到系统核心配置文件中 -->
	<mappers>
		<mapper resource="cn/easybuy/dao/address/AddressMapper.xml"/>
		<mapper resource="cn/easybuy/dao/category/CateGoryMapper.xml"/>
		<mapper resource="cn/easybuy/dao/news/NewsMapper.xml"/>
		<mapper resource="cn/easybuy/dao/order/OrderMapper.xml"/>
		<mapper resource="cn/easybuy/dao/orderdetail/OrderDetailMapper.xml"/>
		<mapper resource="cn/easybuy/dao/product/ProductMapper.xml"/>
		<mapper resource="cn/easybuy/dao/user/UserMapper.xml"/>
		<mapper resource="cn/easybuy/dao/buycar/BuyCarMapper.xml"/>
	</mappers>

</configuration>