<?xml version="1.0" encoding="UTF-8"?>
<!-- 文档声明 -->
<!DOCTYPE mapper
PUBLIC "-//mybatis.org//DTD Mapper 3.0//EN"
"http://mybatis.org/dtd/mybatis-3-mapper.dtd">
<!-- 根节点  -->
<!-- namespace区别于别的mapper，达到全局唯一 -->
<mapper namespace="cn.easybuy.dao.address.AddressMapper">

	<select id="toselectAddress"  resultType="Address">
	SELECT * FROM `easybuy_user_address` WHERE `userId`=#{userId}
	</select>
	
	<!-- 根据地址id修改默认地址(1) -->
	<update id="toupdateAddress">
	UPDATE `easybuy_user_address` SET `isDefault`=1 WHERE `id`=#{id}
	</update>
	
	<!-- 根据用户id修改默认地址(0) -->
	<update id="toupdateUser">
	UPDATE `easybuy_user_address` SET `isDefault`=0 WHERE `userId`=#{userId}
	</update>
	
	<!-- 根据用户id增加信息 -->
	<insert id="addAdress">
	INSERT INTO `easybuy_user_address`(`userId`,`address`,`createTime`,`isDefault`) VALUE
	(#{userId},#{address},#{createTime},#{isDefault});
	</insert>
	
	<!-- 根据地址id删除信息 -->
	<delete id="deleteAddress">
		DELETE FROM `easybuy_user_address` WHERE `id`=#{id};
	</delete>
	
</mapper>