<?xml version="1.0" encoding="UTF-8"?>
<!-- 文档声明 -->
<!DOCTYPE mapper
PUBLIC "-//mybatis.org//DTD Mapper 3.0//EN"
"http://mybatis.org/dtd/mybatis-3-mapper.dtd">
<!-- 根节点  -->
<!-- namespace区别于别的mapper，达到全局唯一 -->
<mapper namespace="cn.easybuy.dao.user.UserMapper">


	<!-- 查询所有用户个数 -->
	<select id="getUserListCount" resultType="integer">
		SELECT COUNT(1)FROM `easybuy_user`
	</select>



	<!-- 根据页数查询所有用户列表 -->
	<select id="totalUserList" resultType="User">
		SELECT * FROM `easybuy_user` limit #{pageNum},#{pageCount}
	</select>
	
	
	
	<!-- 查询用户信息 -->
	<select id="getUserInfo" resultType="User">
		SELECT * FROM `easybuy_user` WHERE `loginName`=#{user} AND `password`=#{pwd}
	</select>
	
	
	<!-- 根据id查询用户信息 -->
	<select id="getUserById" resultType="User">
		SELECT * FROM `easybuy_user` WHERE `id`=#{id}
	</select>
	
	
	<!--根据登录用户名查询用户 -->
	<select id="selectUserByLoginName" resultType="Integer">
		SELECT COUNT(*) FROM `easybuy_user`WHERE `loginName`=#{loginName}
	</select>
	
	
	<!--增加用户信息 -->
	<insert id="addUser" parameterType="User">
		INSERT INTO `easybuy_user`(`loginName`,`userName`,`password`,`sex`,`identityCode`,`email`,`mobile`,`type`) VALUES(#{loginName},#{userName},#{password},#{sex},#{identityCode},#{email},#{mobile},#{type});
	</insert>
	
	
	<!--修改用户信息 -->
	<update id="updateUser" parameterType="User">
		UPDATE `easybuy_user` SET `loginName`=#{loginName},`userName`=#{userName},`password`=#{password},`sex`=#{sex},`identityCode`=#{identityCode},`email`=#{email},`mobile`=#{mobile},`type`=#{type}
		WHERE `id`=#{id}
	</update>
	
	
	
	<!--根据id删除用户信息 -->
	<delete id="deleteUser" parameterType="Integer">
		DELETE FROM `easybuy_user` WHERE `id`=#{id}
	</delete>
	
	
	
</mapper>