<?xml version="1.0" encoding="UTF-8"?>
<!-- 文档声明 -->
<!DOCTYPE mapper
PUBLIC "-//mybatis.org//DTD Mapper 3.0//EN"
"http://mybatis.org/dtd/mybatis-3-mapper.dtd">
<!-- 根节点  -->
<!-- namespace区别于别的mapper，达到全局唯一 -->
<mapper namespace="cn.easybuy.dao.order.OrderMapper">



	<!-- 查询全部订单 -->
	<resultMap type="Order" id="OrderMapper">
		<id property="id" column="oid"/>
		<collection property="orderDetailsList" ofType="OrderDetail">
			<id property="id" column="odid"/>
			<result property="cost" column="odCost"/>
			<association property="product" javaType="Product">
				<id property="id" column="pid"/>
				<result property="name" column="name"/>
			</association>
		</collection>
	</resultMap>
	<select id="selectTotalOrder" resultMap="OrderMapper">
		SELECT o.id as oid, o.`loginName`,o.`serialNumber`,o.`userAddress`,o.`cost`,p.`id` as pid,p.`name`,p.`fileName`,p.`price`,od.`id` as oid,od.`quantity`,od.`cost` as odCost FROM `easybuy_order` o INNER JOIN `easybuy_order_detail` od ON o.`id`=od.`orderId` INNER JOIN `easybuy_product` p ON p.`id`=od.`productId` order by o.`id` desc
	</select>
	
	
	
	
	<!-- 按照订单号和登录用户名查询订单信息 -->
	<select id="selectOrderBySerialNumberAndLoginName" resultMap="OrderMapper">
		SELECT o.id as oid, o.`loginName`,o.`serialNumber`,o.`userAddress`,o.`cost`,p.`id` as pid,p.`name`,p.`fileName`,p.`price`,od.`id` as oid,od.`quantity`,od.`cost` as odCost FROM `easybuy_order` o INNER JOIN `easybuy_order_detail` od ON o.`id`=od.`orderId` INNER JOIN `easybuy_product` p ON p.`id`=od.`productId`
		<where>
			<if test="serialNumber!=null and serialNumber!=''">
				and o.`serialNumber`=#{serialNumber}
			</if>
			<if test="loginName!=null and loginName!=''">
				and o.`loginName`=#{loginName}
			</if>
		</where>
		order by o.`id`desc
	</select>
	
	
	
	
	<!-- 增加电话充值订单 -->
	<insert id="addPhoneOrder">
		INSERT INTO `easybuy_order`(`id`,`userId`,`loginName`,`userAddress`,`createTime`,`cost`,`serialNumber`)VALUES(#{id},#{userId},#{loginName},#{userAddress},#{createTime},#{cost},#{serialNumber});
	</insert>
	
	
	
	
	<!-- 查询最后增加订单的订单id -->
	<select id="selectLastOrderId" resultType="int">
		SELECT `id` FROM `easybuy_order` ORDER BY `id`DESC LIMIT 0,1
	</select>
	
	
	
	
	
	
	
	
	
	
	
	
	
	
	
	
	
	
	
	
	
	
	
	
	
	
	
	
</mapper>