<?xml version="1.0" encoding="UTF-8"?>
<!-- 文档声明 -->
<!DOCTYPE mapper
PUBLIC "-//mybatis.org//DTD Mapper 3.0//EN"
"http://mybatis.org/dtd/mybatis-3-mapper.dtd">
<!-- 根节点  -->
<!-- namespace区别于别的mapper，达到全局唯一 -->
<mapper namespace="cn.easybuy.dao.category.CateGoryMapper">

	<!-- 查询分类信息总数 -->
	<select id="selectCategoryCount" resultType="int">
		SELECT count(1) FROM `easybuy_product_category`
	</select>

	
	<!-- 按等级查询分类信息 -->
	<select id="selectCategoryTotalList" resultType="Category">
		SELECT c.*,c2.`name` AS parentName FROM `easybuy_product_category` c LEFT JOIN `easybuy_product_category` c2 ON c.`parentId`=c2.`id`  limit #{currentPage},#{pageSize}
	</select>






	<!-- 按等级查询分类信息 -->
	<select id="selectCategoryByType" resultType="Category">
		SELECT * FROM`easybuy_product_category` WHERE `type`=#{type}
	</select>
	
	
	
	
	<!-- 根据分类id查询分类信息-->
	<select id="selectCategoryById" resultType="Category">
		SELECT * FROM`easybuy_product_category` WHERE `id`=#{id}
	</select>
	
	
	
	
	<!-- 根据分类名称分类名称是否存在-->
	<select id="selectCategoryByName" resultType="int">
		SELECT count(1) FROM`easybuy_product_category` WHERE `name`=#{name}
	</select>
	
	
	
	
	
	<!-- 查询分类图片是否已经存在-->
	<select id="selectCategoryByIconClass"  resultType="int">
		SELECT count(1) FROM`easybuy_product_category` WHERE `iconClass`=#{iconClass}
	</select>
	
	
	
	
	
	
	
	<!-- 增加分类信息-->
	<insert id="addCategory">
		INSERT INTO `easybuy_product_category`(`name`,`parentId`,`type`,`iconClass`)
		VALUES(#{name},#{parentId},#{type},#{iconClass});
	</insert>
	
	
	
	
	
	
	
	<!-- 修改分类信息-->
	<update id="updateCategory">
		UPDATE `easybuy_product_category` 
		SET `name`=#{name},`parentId`=#{parentId},`type`=#{type},`iconClass`=#{iconClass}
		WHERE `id`=#{id}
	</update>
	
	
	
	
	
	
	
	
	<!-- 删除分类信息-->
	<delete id="deleteCategoryByIds">
		DELETE FROM `easybuy_product_category`
		<where>
			<foreach collection="array"  item="item">
				or `id`=#{item}
			</foreach>
		</where>
	</delete>
	
	
	
	
	
	
	
	<!-- 根据父类分类id查询子类集合 -->
	<select id="selectCategoryListByParentId" resultType="Category">
		SELECT * FROM`easybuy_product_category` WHERE `parentId`=#{parentId}
	</select>
	
	
	
	
	
	
	
	
	
	
	
	
	
</mapper>