<?xml version="1.0" encoding="UTF-8"?>
<!-- 文档声明 -->
<!DOCTYPE mapper
PUBLIC "-//mybatis.org//DTD Mapper 3.0//EN"
"http://mybatis.org/dtd/mybatis-3-mapper.dtd">
<!-- 根节点  -->
<!-- namespace区别于别的mapper，达到全局唯一 -->
<mapper namespace="cn.easybuy.dao.buycar.BuyCarMapper">
	<!-- 加入购物车 -->
	<insert id="addBuyCar">
		INSERT INTO `easy_buycar`(`userId`,`productId`,`number`,`sumPrice`) VALUES(#{userId},#{productId},#{number},#{sumPrice})
	</insert>
	
	<resultMap type="BuyCar" id="buycarMap">
		<id property="id" column="bid"/>
		<association property="product" javaType="Product">
			<id property="id" column="pid"/>
		</association>
	</resultMap>
	<!-- 查询对应用户的购物记录 -->
	<select id="selectBuyCarListByUserId" resultMap="buycarMap">
		SELECT b.`id` AS bid,b.*,p.`id` AS bid,p.* FROM `easy_buycar` b,`easybuy_product` p WHERE p.`id`=b.`productId` AND b.`userId`=#{userId}
	</select>
	
	<!-- 根据用户id清空购物车 -->
	<delete id="deleteBuyCar">
		DELETE FROM `easy_buycar` WHERE `userId`=#{id}
	</delete>
	
</mapper>