<?xml version="1.0" encoding="UTF-8"?>
<!-- 文档声明 -->
<!DOCTYPE mapper
PUBLIC "-//mybatis.org//DTD Mapper 3.0//EN"
"http://mybatis.org/dtd/mybatis-3-mapper.dtd">
<!-- 根节点  -->
<!-- namespace区别于别的mapper，达到全局唯一 -->
<mapper namespace="cn.easybuy.dao.news.NewsMapper">

	<!-- 查询所有资讯 -->
	<select id="selectNewsAll" resultType="News">
		select * from `easybuy_news` order by `createTime` DESC
	</select>



	<!-- 查询所有资讯信息总量 -->
	<select id="selectTotalNewsCount" resultType="int">
		SELECT count(1) FROM `easybuy_news`
	</select>
	
	
	
	
	
	<!-- 查询所有资讯信息 -->
	<select id="selectNews" resultType="News">
		SELECT * FROM `easybuy_news` ORDER BY `createTime` desc limit #{pageNum},#{pageSize}
	</select>
	
	
	
	
	
	
	<!-- 根据id查询资讯信息 -->
	<select id="selectNewById" resultType="News">
		SELECT * FROM `easybuy_news` where `id`=#{id}
	</select>
	
	
	
	
	
		
	<!--增加资讯信息 -->
	<insert id="addNews">
		INSERT INTO `easybuy_news`(`title`,`content`)
		VALUES(#{title},#{content})
	</insert>
	
	
	
	
	
	
	
	<!--修改资讯信息 -->
	<update id="updateNews">
		UPDATE `easybuy_news` SET `title`=#{title},`content`=#{content} WHERE `id`=#{id}
	</update>
	
	
	
	
	
	
	<!--删除资讯信息 -->
	<update id="deleteNews">
		DELETE FROM `easybuy_news` WHERE `id`=#{id}
	</update>
	
	
	
	
	
	
	
	
</mapper>